Voce tem orgulho de ser ubaense 0-10;Como voce avalia sua saude mental nas ultimas 4 semanas 0-10
7;0
7;8
8;10
8;7
5;6
10;10
6;5
10;10
6;10
5;
7;
6;8
8;6
5;7
5;7
8;8
7;4
5;3
5;8
7;6
5;5
6;5
10;10
8;6
5;4
10;9
7;5
7;7
10;5
6;5
10;3
8;4
10;8
10;3
8;5
10;1
8;4
10;3
5;8
6;2
10;0
9;0
5;
6;4
4;3
10;
7;2
6;1
9;6
5;7
7;5
4;4
4;3
8;8
3;9
9;4
5;3
7;2
5;1
7;5
9;3
6;4
7;2
8;8
10;3
10;4
7;7
6;5
5;2
10;3
8;1
7;0
7;1
10;2
7;3
5;4
4;5
5;6
6;8
7;10
9;9
4;3
10;2
7;8
4;0
10;0
6;4
10;2
7;3
2;1
10;7
8;6
5;5
8;8
5;4
0;9
0;7
2;5
5;6
8;3
8;4
5;2
8;4
10;1
8;3
5;9
10;1
6;2
9;4
5;5
10;9
0;9
9;8
7;4
7;3
4;2
6;8
9;9
7;4
5;2
5;3
10;4
8;2
8;10
10;9
4;3
9;2
7;7
10;5
10;9
4;3
10;2
9;1
8;0
8;9
9;7
5;3
7;2
8;2
10;1
5;0
10;2
8;1
9;4
10;6
6;8
8;7
9;6
9;3
9;2
7;1
10;9
8;4
5;6
8;8
9;6
6;7
10;4
10;3
10;2
9;1
7;0
10;8
10;4
9;3
5;2
7;1
10;9
3;7
7;8
6;6
4;6
1;3
5;6
3;5
2;1
6;0
6;4
8;3
7;2
4;1
7;0
7;8
7;6
6;4
